linda.west,rohzayu1Vie,kirjandus
isaac.curran,aiceich4Yee,kirjandus
jean.towry,zegeeLi6u,kirjandus
linnea.ashman,Eexaulahz6ah,kirjandus
dorothy.kim,oxeeGhei6l,kirjandus
charlotte.thomas,yah6EeHoh,kirjandus
juanita.pyne,ahj2Yeiz,kirjandus
rickey.dumas,aPheig8j,kirjandus
ryan.deangelo,coo8OGoh,kirjandus
charlotte.diaz,de3aavePhaH,kirjandus
thomas.crouch,cu5aiC5oopoh,kirjandus
william.groner,Oohej3ainai,kirjandus
glenn.mills,Aip6phai5,kirjandus
barbara.rigney,yaenohC3th,kirjandus
elizabeth.hess,iexaef4Ai,kirjandus
joseph.mcculloch,phagiut8Za,matemaatika
myrna.schweiger,thu5Aidiy3ei,matemaatika
nicole.riche,woo6ha5K,matemaatika
jose.williams,Oongophaix5ai,matemaatika
lorna.bare,ieTai3Poo,matemaatika
martha.wiggin,ohP2beceec,matemaatika
george.garrett,Mohwa2eo,matemaatika
monica.lay,dooko6Kie9,matemaatika
gertrude.richards,zai5ieN6Ev,matemaatika
scott.flores,Eghae6toosh,matemaatika
christopher.phillips,aivieshe6E,matemaatika
jenna.vaughn,thuZain0,matemaatika
lois.carson,wi8ci4Eig,matemaatika
lauri.forehand,rieBeig2aeBa,matemaatika
amanda.caldwell,Aepoo7daiv,matemaatika
sean.knight,fosheew9Ch,it
victoria.ceasar,yoo1Puemahl,it
rhoda.huston,eequu8Obovu,it
phillip.mathis,Doo5eleir2,it
aaron.croley,Laus0pheiph,it
alan.wendling,gaib0theT3T,it
arthur.hensley,regootei8Ph,it
william.hodson,io3oovooTh,it
mary.wilcox,ooBe0lohshai4,it
jack.johnston,ieT3phoo0n,it
john.wentz,Ameo0aeNgo,it
charlene.edinger,oopu5bein6B,it
gerry.fairman,AiduD4bie,it
reginald.olsen,oofah3ouP,it
anna.schimke,Aich7ij1oo,it
